Metal,Atomic_number,Mass(a.u.),Atomic_radius(pm),Covalent_radius(pm),electronegativity,Electron_affinity(kJ/mol),1st_ionization_energy(kJ/mol)
Ag,47,107.8682,165,145,1.93,125.6,731
Au,79,196.966569,174,136,2.54,222.8,890.1
Cu,29,63.546,145,132,1.9,118.4,745.5
Pd,46,106.42,169,139,2.2,53.7,804.4
Pt,78,195.084,177,136,2.28,205.3,870
Co,27,58.933194,152,126,1.88,63.7,760.4
Ga,31,69.723,136,122,1.81,28.9,578.8
Ni,28,58.6934,149,124,1.91,112,737.1
Zn,30,65.38,142,122,1.65,0,906.4
